,precision,recall,f1-score,support
Breast,0.8202247191011236,0.7934782608695652,0.8066298342541437,92.0
Colon,0.7857142857142857,0.7857142857142857,0.7857142857142857,84.0
Lung,0.7886178861788617,0.9238095238095239,0.8508771929824561,105.0
Prostate,0.7543859649122807,0.7049180327868853,0.7288135593220338,61.0
Skin,0.6595744680851063,0.5344827586206896,0.5904761904761905,58.0
accuracy,0.775,0.775,0.775,0.775
macro avg,0.7617034647983316,0.7484805723601899,0.752502212549822,400.0
weighted avg,0.7713460380366728,0.775,0.7706432404520055,400.0
