,precision,recall,f1-score,support
Breast,0.8202247191011236,0.7934782608695652,0.8066298342541436,92.0
Colon,0.7951807228915663,0.7857142857142857,0.7904191616766467,84.0
Lung,0.784,0.9333333333333333,0.8521739130434782,105.0
Prostate,0.7543859649122807,0.7049180327868853,0.7288135593220338,61.0
Skin,0.6521739130434783,0.5172413793103449,0.576923076923077,58.0
accuracy,0.775,0.775,0.775,0.775
macro avg,0.7611930639896899,0.7469370584028829,0.7509919090438759,400.0
weighted avg,0.7710487142409144,0.775,0.7700064519549181,400.0
