,precision,recall,f1-score,support
Breast,0.8170731707317073,0.7282608695652174,0.7701149425287357,92.0
Colon,0.775,0.7380952380952381,0.7560975609756099,84.0
Lung,0.782258064516129,0.9238095238095239,0.8471615720524017,105.0
Prostate,0.7384615384615385,0.7868852459016393,0.7619047619047619,61.0
Skin,0.6530612244897959,0.5517241379310345,0.5981308411214952,58.0
accuracy,0.765,0.765,0.765,0.765
macro avg,0.753170799639834,0.7457550030605307,0.7466819357166008,400.0
weighted avg,0.7633288333701816,0.765,0.7612062854033357,400.0
