Model,Accuracy,Precision,Recall,F1-Score,CV Mean,CV Std
Random Forest,0.7725,0.7687581089487249,0.7725,0.7680399096254044,0.7649999999999999,0.015232572008692429
Gradient Boosting,0.765,0.7635216104222705,0.765,0.7633848144171412,0.775,0.022707377655731213
Logistic Regression,0.7525,0.7508137626262626,0.7525,0.7509717764730514,0.73875,0.017743836958222972
Neural Network,0.705,0.7082252831510059,0.705,0.7060888727859771,0.695,0.016249999999999994
