Model,Accuracy,Precision,Recall,F1-Score,CV Mean,CV Std
XGBoost,0.785,0.7814385072210702,0.785,0.7818980579849528,0.7693749999999999,0.017161912772182483
Random Forest,0.7725,0.7696838177315118,0.7725,0.7685411799118052,0.7649999999999999,0.011924240017711816
Gradient Boosting,0.765,0.7635216104222705,0.765,0.7633848144171411,0.775,0.022707377655731213
Logistic Regression,0.7525,0.7508137626262626,0.7525,0.7509717764730514,0.73875,0.017743836958222972
Neural Network,0.705,0.7082252831510059,0.705,0.7060888727859769,0.695,0.016249999999999994
